-- ============================================
-- SEED DATA FOR ACTIVITY REGISTRATION SYSTEM
-- ============================================

-- First, enable UUID extension if not already enabled
CREATE EXTENSION IF NOT EXISTS "uuid-ossp";

-- ============================================
-- 1. PROFILES (User Accounts)
-- ============================================
INSERT INTO profiles (id, name, email, username, profile_picture_s3_key, language_preference) VALUES
('a1b2c3d4-e5f6-4a7b-8c9d-0e1f2a3b4c5d', 'Sarah Johnson', 'sarah.johnson@email.com', 'sarahj', 'profiles/sarah_johnson.jpg', 'en'),
('b2c3d4e5-f6a7-4b8c-9d0e-1f2a3b4c5d6e', 'Michael Chen', 'michael.chen@email.com', 'mchen', 'profiles/michael_chen.jpg', 'en'),
('c3d4e5f6-a7b8-4c9d-0e1f-2a3b4c5d6e7f', 'Priya Patel', 'priya.patel@email.com', 'priyap', 'profiles/priya_patel.jpg', 'en'),
('d4e5f6a7-b8c9-4d0e-1f2a-3b4c5d6e7f8a', 'Carlos Rodriguez', 'carlos.rodriguez@email.com', 'carlosr', NULL, 'es'),
('e5f6a7b8-c9d0-4e1f-2a3b-4c5d6e7f8a9b', 'Emma Thompson', 'emma.thompson@email.com', 'emmat', 'profiles/emma_thompson.jpg', 'en'),
('f6a7b8c9-d0e1-4f2a-3b4c-5d6e7f8a9b0c', 'Yuki Tanaka', 'yuki.tanaka@email.com', 'yukit', NULL, 'ja'),
('a7b8c9d0-e1f2-4a3b-4c5d-6e7f8a9b0c1d', 'Olivia Martinez', 'olivia.martinez@email.com', 'oliviam', 'profiles/olivia_martinez.jpg', 'es'),
('b8c9d0e1-f2a3-4b4c-5d6e-7f8a9b0c1d2e', 'James Wilson', 'james.wilson@email.com', 'jamesw', NULL, 'en'),
-- Organization managers
('c9d0e1f2-a3b4-4c5d-6e7f-8a9b0c1d2e3f', 'Dr. Amanda Lee', 'amanda.lee@scienceacademy.com', 'alee', 'profiles/amanda_lee.jpg', 'en'),
('d0e1f2a3-b4c5-4d6e-7f8a-9b0c1d2e3f4a', 'Marcus Thompson', 'marcus.thompson@sportscenter.com', 'mthompson', 'profiles/marcus_thompson.jpg', 'en'),
('e1f2a3b4-c5d6-4e7f-8a9b-0c1d2e3f4a5b', 'Sofia Rossi', 'sofia.rossi@artsstudio.com', 'srossi', NULL, 'it'),
('f2a3b4c5-d6e7-4f8a-9b0c-1d2e3f4a5b6c', 'David Kim', 'david.kim@musicschool.com', 'dkim', 'profiles/david_kim.jpg', 'ko');

-- ============================================
-- 2. GUARDIANS
-- ============================================
INSERT INTO guardian (id, user_id) VALUES
('11111111-1111-1111-1111-111111111111', 'a1b2c3d4-e5f6-4a7b-8c9d-0e1f2a3b4c5d'), -- Sarah Johnson
('22222222-2222-2222-2222-222222222222', 'b2c3d4e5-f6a7-4b8c-9d0e-1f2a3b4c5d6e'), -- Michael Chen
('33333333-3333-3333-3333-333333333333', 'c3d4e5f6-a7b8-4c9d-0e1f-2a3b4c5d6e7f'), -- Priya Patel
('44444444-4444-4444-4444-444444444444', 'd4e5f6a7-b8c9-4d0e-1f2a-3b4c5d6e7f8a'), -- Carlos Rodriguez
('55555555-5555-5555-5555-555555555555', 'e5f6a7b8-c9d0-4e1f-2a3b-4c5d6e7f8a9b'), -- Emma Thompson
('66666666-6666-6666-6666-666666666666', 'f6a7b8c9-d0e1-4f2a-3b4c-5d6e7f8a9b0c'), -- Yuki Tanaka
('77777777-7777-7777-7777-777777777777', 'a7b8c9d0-e1f2-4a3b-4c5d-6e7f8a9b0c1d'), -- Olivia Martinez
('88888888-8888-8888-8888-888888888888', 'b8c9d0e1-f2a3-4b4c-5d6e-7f8a9b0c1d2e'); -- James Wilson

-- ============================================
-- 3. LOCATIONS
-- ============================================
INSERT INTO location (id, latitude, longitude, address_line1, address_line2, subdistrict, district, province, postal_code, country) VALUES
-- Test locations for unit tests
('a0eebc99-9c0b-4ef8-bb6d-6bb9bd380a11', 40.7128, -74.0060, '123 Broadway', NULL, 'Manhattan', 'New York County', 'NY', '10001', 'USA'),
('a0eebc99-9c0b-4ef8-bb6d-6bb9bd380a19', 42.3501, -71.0786, '456 Boylston St', NULL, 'Back Bay', 'Suffolk County', 'MA', '02116', 'USA'),
('a0eebc99-9c0b-4ef8-bb6d-6bb9bd380a20', 37.7749, -122.4194, '789 Market St', NULL, 'Financial District', 'San Francisco County', 'CA', '94102', 'USA'),
-- Schools
('10000000-0000-0000-0000-000000000001', 13.7563000, 100.5018000, '123 Sukhumvit Road', 'Building A', 'Khlong Toei', 'Khlong Toei', 'Bangkok', '10110', 'Thailand'),
('10000000-0000-0000-0000-000000000002', 13.7467000, 100.5350000, '456 Rama IV Road', NULL, 'Pathum Wan', 'Pathum Wan', 'Bangkok', '10330', 'Thailand'),
('10000000-0000-0000-0000-000000000003', 13.8200000, 100.5600000, '789 Vibhavadi Rangsit Road', 'Floor 2', 'Chatuchak', 'Chatuchak', 'Bangkok', '10900', 'Thailand'),
-- Organizations
('10000000-0000-0000-0000-000000000004', 13.7650000, 100.5380000, '321 Phetchaburi Road', 'Suite 15', 'Ratchathewi', 'Ratchathewi', 'Bangkok', '10400', 'Thailand'),
('10000000-0000-0000-0000-000000000005', 13.7300000, 100.5240000, '654 Sathorn Road', NULL, 'Yan Nawa', 'Sathorn', 'Bangkok', '10120', 'Thailand'),
('10000000-0000-0000-0000-000000000006', 13.7890000, 100.5600000, '147 Lat Phrao Road', 'Building C', 'Lat Phrao', 'Lat Phrao', 'Bangkok', '10230', 'Thailand'),
('10000000-0000-0000-0000-000000000007', 13.7250000, 100.4950000, '258 Silom Road', 'Floor 3', 'Suriyawong', 'Bang Rak', 'Bangkok', '10500', 'Thailand'),
-- Event occurrence locations
('10000000-0000-0000-0000-000000000008', 13.7400000, 100.5450000, '369 Wireless Road', NULL, 'Lumphini', 'Pathum Wan', 'Bangkok', '10330', 'Thailand'),
('10000000-0000-0000-0000-000000000009', 13.7100000, 100.5300000, '741 Narathiwat Road', 'Hall B', 'Chong Nonsi', 'Yan Nawa', 'Bangkok', '10120', 'Thailand'),
('10000000-0000-0000-0000-00000000000a', 13.8000000, 100.5500000, '852 Pradipat Road', NULL, 'Sam Sen Nai', 'Phaya Thai', 'Bangkok', '10400', 'Thailand');

-- ============================================
-- 4. SCHOOLS
-- ============================================
INSERT INTO school (id, name, location_id) VALUES
('20000000-0000-0000-0000-000000000001', 'Bangkok International School', '10000000-0000-0000-0000-000000000001'),
('20000000-0000-0000-0000-000000000002', 'Green Valley Academy', '10000000-0000-0000-0000-000000000002'),
('20000000-0000-0000-0000-000000000003', 'Riverside Elementary', '10000000-0000-0000-0000-000000000003');

-- ============================================
-- 5. CHILDREN
-- ============================================
INSERT INTO child (id, name, school_id, birth_month, birth_year, interests, guardian_id) VALUES
('30000000-0000-0000-0000-000000000001', 'Emily Johnson', '20000000-0000-0000-0000-000000000001', 3, 2016, ARRAY['science','technology','math']::category[], '11111111-1111-1111-1111-111111111111'),
('30000000-0000-0000-0000-000000000002', 'Alex Johnson', '20000000-0000-0000-0000-000000000001', 7, 2018, ARRAY['sports','music']::category[], '11111111-1111-1111-1111-111111111111'),
('30000000-0000-0000-0000-000000000003', 'Sophie Chen', '20000000-0000-0000-0000-000000000002', 11, 2015, ARRAY['art','language','music']::category[], '22222222-2222-2222-2222-222222222222'),
('30000000-0000-0000-0000-000000000004', 'Aiden Patel', '20000000-0000-0000-0000-000000000001', 5, 2017, ARRAY['science','sports','technology']::category[], '33333333-3333-3333-3333-333333333333'),
('30000000-0000-0000-0000-000000000005', 'Maya Patel', '20000000-0000-0000-0000-000000000001', 9, 2019, ARRAY['art','music']::category[], '33333333-3333-3333-3333-333333333333'),
('30000000-0000-0000-0000-000000000006', 'Lucas Rodriguez', '20000000-0000-0000-0000-000000000002', 1, 2016, ARRAY['sports','technology']::category[], '44444444-4444-4444-4444-444444444444'),
('30000000-0000-0000-0000-000000000007', 'Isabella Thompson', '20000000-0000-0000-0000-000000000003', 8, 2017, ARRAY['language','art','other']::category[], '55555555-5555-5555-5555-555555555555'),
('30000000-0000-0000-0000-000000000008', 'Ethan Thompson', '20000000-0000-0000-0000-000000000003', 12, 2018, ARRAY['math','science']::category[], '55555555-5555-5555-5555-555555555555'),
('30000000-0000-0000-0000-000000000009', 'Hana Tanaka', '20000000-0000-0000-0000-000000000002', 4, 2016, ARRAY['music','language','art']::category[], '66666666-6666-6666-6666-666666666666'),
('30000000-0000-0000-0000-00000000000a', 'Noah Martinez', '20000000-0000-0000-0000-000000000001', 6, 2017, ARRAY['sports','science']::category[], '77777777-7777-7777-7777-777777777777'),
('30000000-0000-0000-0000-00000000000b', 'Liam Wilson', '20000000-0000-0000-0000-000000000003', 10, 2015, ARRAY['technology','math','science']::category[], '88888888-8888-8888-8888-888888888888'),
('30000000-0000-0000-0000-00000000000c', 'Ava Wilson', '20000000-0000-0000-0000-000000000003', 2, 2019, ARRAY['music','art']::category[], '88888888-8888-8888-8888-888888888888');

-- ============================================
-- 6. ORGANIZATIONS
-- ============================================
INSERT INTO organization (id, name, active, pfp_s3_key, location_id) VALUES
('40000000-0000-0000-0000-000000000001', 'Science Academy Bangkok', true, 'orgs/science_academy.jpg', '10000000-0000-0000-0000-000000000004'),
('40000000-0000-0000-0000-000000000002', 'Champions Sports Center', true, 'orgs/champions_sports.jpg', '10000000-0000-0000-0000-000000000005'),
('40000000-0000-0000-0000-000000000003', 'Creative Arts Studio', true, 'orgs/creative_arts.jpg', '10000000-0000-0000-0000-000000000006'),
('40000000-0000-0000-0000-000000000004', 'Harmony Music School', true, NULL, '10000000-0000-0000-0000-000000000007'),
('40000000-0000-0000-0000-000000000005', 'Tech Kids Workshop', true, 'orgs/tech_kids.jpg', '10000000-0000-0000-0000-000000000008'),
('40000000-0000-0000-0000-000000000006', 'Language Learning Center', false, NULL, '10000000-0000-0000-0000-000000000009');

-- ============================================
-- 7. MANAGERS
-- ============================================
INSERT INTO manager (id, user_id, organization_id, role) VALUES
('50000000-0000-0000-0000-000000000001', 'c9d0e1f2-a3b4-4c5d-6e7f-8a9b0c1d2e3f', '40000000-0000-0000-0000-000000000001', 'Director'),
('50000000-0000-0000-0000-000000000002', 'd0e1f2a3-b4c5-4d6e-7f8a-9b0c1d2e3f4a', '40000000-0000-0000-0000-000000000002', 'Head Coach'),
('50000000-0000-0000-0000-000000000003', 'e1f2a3b4-c5d6-4e7f-8a9b-0c1d2e3f4a5b', '40000000-0000-0000-0000-000000000003', 'Art Director'),
('50000000-0000-0000-0000-000000000004', 'f2a3b4c5-d6e7-4f8a-9b0c-1d2e3f4a5b6c', '40000000-0000-0000-0000-000000000004', 'Music Director'),
('50000000-0000-0000-0000-000000000005', 'c9d0e1f2-a3b4-4c5d-6e7f-8a9b0c1d2e3f', '40000000-0000-0000-0000-000000000005', 'Tech Instructor'),
('50000000-0000-0000-0000-000000000006', 'd0e1f2a3-b4c5-4d6e-7f8a-9b0c1d2e3f4a', '40000000-0000-0000-0000-000000000002', 'Assistant Coach');

-- ============================================
-- 8. EVENTS
-- ============================================
INSERT INTO event (id, title, description, organization_id, age_range_min, age_range_max, category, header_image_s3_key) VALUES
-- Science Academy Events
('60000000-0000-0000-0000-000000000001', 'Junior Robotics Workshop', 'Learn the basics of robotics with hands-on LEGO Mindstorms projects. Build and program your own robots!', '40000000-0000-0000-0000-000000000001', 8, 12, ARRAY['science','technology']::category[], 'events/robotics_workshop.jpg'),
('60000000-0000-0000-0000-000000000002', 'Chemistry for Kids', 'Exciting chemistry experiments that are safe and fun. Discover reactions, make slime, and learn about molecules!', '40000000-0000-0000-0000-000000000001', 7, 10, ARRAY['science']::category[], 'events/chemistry_kids.jpg'),
('60000000-0000-0000-0000-000000000003', 'Astronomy Club', 'Explore the wonders of space! Learn about planets, stars, and galaxies. Includes telescope observation sessions.', '40000000-0000-0000-0000-000000000001', 9, 14, ARRAY['science']::category[], 'events/astronomy.jpg'),
-- Sports Center Events
('60000000-0000-0000-0000-000000000004', 'Soccer Skills Training', 'Develop fundamental soccer skills including dribbling, passing, and teamwork in a fun environment.', '40000000-0000-0000-0000-000000000002', 6, 12, ARRAY['sports']::category[], 'events/soccer_training.jpg'),
('60000000-0000-0000-0000-000000000005', 'Basketball Basics', 'Learn basketball fundamentals: shooting, dribbling, defense, and game strategy.', '40000000-0000-0000-0000-000000000002', 7, 13, ARRAY['sports']::category[], NULL),
('60000000-0000-0000-0000-000000000006', 'Swimming Lessons', 'Professional swimming instruction for beginners to intermediate levels. Focus on technique and water safety.', '40000000-0000-0000-0000-000000000002', 5, 15, ARRAY['sports']::category[], 'events/swimming.jpg'),
-- Arts Studio Events
('60000000-0000-0000-0000-000000000007', 'Painting & Drawing Workshop', 'Explore various art techniques including watercolor, acrylic, and sketching. All materials provided!', '40000000-0000-0000-0000-000000000003', 6, 14, ARRAY['art']::category[], 'events/painting_workshop.jpg'),
('60000000-0000-0000-0000-000000000008', 'Pottery for Beginners', 'Learn to work with clay! Create bowls, cups, and sculptures using hand-building and wheel techniques.', '40000000-0000-0000-0000-000000000003', 8, 15, ARRAY['art']::category[], NULL),
('60000000-0000-0000-0000-000000000009', 'Digital Art & Design', 'Introduction to digital illustration using tablets. Learn basic design principles and digital tools.', '40000000-0000-0000-0000-000000000003', 10, 16, ARRAY['art','technology']::category[], 'events/digital_art.jpg'),
-- Music School Events
('60000000-0000-0000-0000-00000000000a', 'Piano for Beginners', 'Start your musical journey with piano! Learn to read music and play simple songs.', '40000000-0000-0000-0000-000000000004', 6, 12, ARRAY['music']::category[], 'events/piano_lessons.jpg'),
('60000000-0000-0000-0000-00000000000b', 'Guitar Fundamentals', 'Learn basic chords, strumming patterns, and your first songs on acoustic guitar.', '40000000-0000-0000-0000-000000000004', 8, 15, ARRAY['music']::category[], NULL),
('60000000-0000-0000-0000-00000000000c', 'Kids Choir', 'Join our fun choir! Learn harmony, vocal techniques, and perform in recitals.', '40000000-0000-0000-0000-000000000004', 7, 13, ARRAY['music']::category[], 'events/kids_choir.jpg'),
-- Tech Workshop Events
('60000000-0000-0000-0000-00000000000d', 'Coding with Scratch', 'Learn programming basics through Scratch! Create games and animations with visual coding blocks.', '40000000-0000-0000-0000-000000000005', 7, 11, ARRAY['technology']::category[], 'events/scratch_coding.jpg'),
('60000000-0000-0000-0000-00000000000e', 'Python for Kids', 'Introduction to Python programming. Build simple programs and games while learning core concepts.', '40000000-0000-0000-0000-000000000005', 10, 15, ARRAY['technology','math']::category[], NULL),
('60000000-0000-0000-0000-00000000000f', '3D Modeling Workshop', 'Design 3D objects using Tinkercad! Learn basics of 3D design and prepare models for 3D printing.', '40000000-0000-0000-0000-000000000005', 9, 14, ARRAY['technology','art']::category[], 'events/3d_modeling.jpg');

-- ============================================
-- 9. EVENT OCCURRENCES
-- ============================================
INSERT INTO event_occurrence (id, manager_id, event_id, location_id, start_time, end_time, max_attendees, language, curr_enrolled) VALUES
-- Robotics Workshop occurrences
('70000000-0000-0000-0000-000000000001', '50000000-0000-0000-0000-000000000001', '60000000-0000-0000-0000-000000000001', '10000000-0000-0000-0000-000000000004', '2026-02-15 09:00:00+07', '2026-02-15 11:00:00+07', 15, 'en', 8),
('70000000-0000-0000-0000-000000000002', '50000000-0000-0000-0000-000000000001', '60000000-0000-0000-0000-000000000001', '10000000-0000-0000-0000-000000000004', '2026-02-22 09:00:00+07', '2026-02-22 11:00:00+07', 15, 'en', 5),
-- Chemistry for Kids
('70000000-0000-0000-0000-000000000003', '50000000-0000-0000-0000-000000000001', '60000000-0000-0000-0000-000000000002', '10000000-0000-0000-0000-000000000004', '2026-02-16 14:00:00+07', '2026-02-16 15:30:00+07', 12, 'en', 10),
('70000000-0000-0000-0000-000000000004', '50000000-0000-0000-0000-000000000001', '60000000-0000-0000-0000-000000000002', '10000000-0000-0000-0000-000000000004', '2026-02-23 14:00:00+07', '2026-02-23 15:30:00+07', 12, 'en', 7),
-- Astronomy Club
('70000000-0000-0000-0000-000000000005', '50000000-0000-0000-0000-000000000001', '60000000-0000-0000-0000-000000000003', '10000000-0000-0000-0000-000000000008', '2026-02-20 18:00:00+07', '2026-02-20 20:00:00+07', 20, 'en', 12),
-- Soccer Training
('70000000-0000-0000-0000-000000000006', '50000000-0000-0000-0000-000000000002', '60000000-0000-0000-0000-000000000004', '10000000-0000-0000-0000-000000000005', '2026-02-17 16:00:00+07', '2026-02-17 17:30:00+07', 20, 'en', 15),
('70000000-0000-0000-0000-000000000007', '50000000-0000-0000-0000-000000000006', '60000000-0000-0000-0000-000000000004', '10000000-0000-0000-0000-000000000005', '2026-02-24 16:00:00+07', '2026-02-24 17:30:00+07', 20, 'en', 11),
-- Basketball
('70000000-0000-0000-0000-000000000008', '50000000-0000-0000-0000-000000000002', '60000000-0000-0000-0000-000000000005', '10000000-0000-0000-0000-000000000005', '2026-02-18 15:00:00+07', '2026-02-18 16:30:00+07', 16, 'en', 9),
-- Swimming
('70000000-0000-0000-0000-000000000009', '50000000-0000-0000-0000-000000000006', '60000000-0000-0000-0000-000000000006', '10000000-0000-0000-0000-00000000000a', '2026-02-19 10:00:00+07', '2026-02-19 11:00:00+07', 10, 'en', 8),
('70000000-0000-0000-0000-00000000000a', '50000000-0000-0000-0000-000000000006', '60000000-0000-0000-0000-000000000006', '10000000-0000-0000-0000-00000000000a', '2026-02-26 10:00:00+07', '2026-02-26 11:00:00+07', 10, 'en', 6),
-- Painting Workshop
('70000000-0000-0000-0000-00000000000b', '50000000-0000-0000-0000-000000000003', '60000000-0000-0000-0000-000000000007', '10000000-0000-0000-0000-000000000006', '2026-02-21 13:00:00+07', '2026-02-21 15:00:00+07', 12, 'en', 10),
-- Pottery
('70000000-0000-0000-0000-00000000000c', '50000000-0000-0000-0000-000000000003', '60000000-0000-0000-0000-000000000008', '10000000-0000-0000-0000-000000000006', '2026-02-22 14:00:00+07', '2026-02-22 16:00:00+07', 10, 'en', 6),
-- Digital Art
('70000000-0000-0000-0000-00000000000d', '50000000-0000-0000-0000-000000000003', '60000000-0000-0000-0000-000000000009', '10000000-0000-0000-0000-000000000006', '2026-02-25 15:00:00+07', '2026-02-25 17:00:00+07', 14, 'en', 7),
-- Piano
('70000000-0000-0000-0000-00000000000e', '50000000-0000-0000-0000-000000000004', '60000000-0000-0000-0000-00000000000a', '10000000-0000-0000-0000-000000000007', '2026-02-16 10:00:00+07', '2026-02-16 11:00:00+07', 8, 'en', 6),
('70000000-0000-0000-0000-00000000000f', '50000000-0000-0000-0000-000000000004', '60000000-0000-0000-0000-00000000000a', '10000000-0000-0000-0000-000000000007', '2026-02-23 10:00:00+07', '2026-02-23 11:00:00+07', 8, 'en', 4),
-- Guitar
('70000000-0000-0000-0000-000000000010', '50000000-0000-0000-0000-000000000004', '60000000-0000-0000-0000-00000000000b', '10000000-0000-0000-0000-000000000007', '2026-02-17 14:00:00+07', '2026-02-17 15:00:00+07', 10, 'en', 7),
-- Choir
('70000000-0000-0000-0000-000000000011', '50000000-0000-0000-0000-000000000004', '60000000-0000-0000-0000-00000000000c', '10000000-0000-0000-0000-000000000009', '2026-02-20 16:00:00+07', '2026-02-20 17:30:00+07', 25, 'en', 18),
-- Scratch Coding
('70000000-0000-0000-0000-000000000012', '50000000-0000-0000-0000-000000000005', '60000000-0000-0000-0000-00000000000d', '10000000-0000-0000-0000-000000000008', '2026-02-18 13:00:00+07', '2026-02-18 15:00:00+07', 15, 'en', 11),
('70000000-0000-0000-0000-000000000013', '50000000-0000-0000-0000-000000000005', '60000000-0000-0000-0000-00000000000d', '10000000-0000-0000-0000-000000000008', '2026-02-25 13:00:00+07', '2026-02-25 15:00:00+07', 15, 'en', 8),
-- Python
('70000000-0000-0000-0000-000000000014', '50000000-0000-0000-0000-000000000005', '60000000-0000-0000-0000-00000000000e', '10000000-0000-0000-0000-000000000008', '2026-02-21 15:00:00+07', '2026-02-21 17:00:00+07', 12, 'en', 9),
-- 3D Modeling
('70000000-0000-0000-0000-000000000015', '50000000-0000-0000-0000-000000000005', '60000000-0000-0000-0000-00000000000f', '10000000-0000-0000-0000-000000000008', '2026-02-24 14:00:00+07', '2026-02-24 16:00:00+07', 12, 'en', 5);

-- ============================================
-- 10. REGISTRATIONS
-- ============================================
INSERT INTO registration (id, child_id, guardian_id, event_occurrence_id, status) VALUES
-- Emily Johnson (science, technology, math interests)
('80000000-0000-0000-0000-000000000001', '30000000-0000-0000-0000-000000000001', '11111111-1111-1111-1111-111111111111', '70000000-0000-0000-0000-000000000001', 'registered'),
('80000000-0000-0000-0000-000000000002', '30000000-0000-0000-0000-000000000001', '11111111-1111-1111-1111-111111111111', '70000000-0000-0000-0000-000000000003', 'registered'),
('80000000-0000-0000-0000-000000000003', '30000000-0000-0000-0000-000000000001', '11111111-1111-1111-1111-111111111111', '70000000-0000-0000-0000-000000000012', 'registered'),
-- Alex Johnson (sports, music interests)
('80000000-0000-0000-0000-000000000004', '30000000-0000-0000-0000-000000000002', '11111111-1111-1111-1111-111111111111', '70000000-0000-0000-0000-000000000006', 'registered'),
('80000000-0000-0000-0000-000000000005', '30000000-0000-0000-0000-000000000002', '11111111-1111-1111-1111-111111111111', '70000000-0000-0000-0000-00000000000e', 'registered'),
-- Sophie Chen (art, language, music interests)
('80000000-0000-0000-0000-000000000006', '30000000-0000-0000-0000-000000000003', '22222222-2222-2222-2222-222222222222', '70000000-0000-0000-0000-00000000000b', 'registered'),
('80000000-0000-0000-0000-000000000007', '30000000-0000-0000-0000-000000000003', '22222222-2222-2222-2222-222222222222', '70000000-0000-0000-0000-000000000010', 'registered'),
('80000000-0000-0000-0000-000000000008', '30000000-0000-0000-0000-000000000003', '22222222-2222-2222-2222-222222222222', '70000000-0000-0000-0000-000000000011', 'registered'),
-- Aiden Patel (science, sports, technology interests)
('80000000-0000-0000-0000-000000000009', '30000000-0000-0000-0000-000000000004', '33333333-3333-3333-3333-333333333333', '70000000-0000-0000-0000-000000000001', 'registered'),
('80000000-0000-0000-0000-00000000000a', '30000000-0000-0000-0000-000000000004', '33333333-3333-3333-3333-333333333333', '70000000-0000-0000-0000-000000000008', 'registered'),
('80000000-0000-0000-0000-00000000000b', '30000000-0000-0000-0000-000000000004', '33333333-3333-3333-3333-333333333333', '70000000-0000-0000-0000-000000000014', 'registered'),
-- Maya Patel (art, music interests)
('80000000-0000-0000-0000-00000000000c', '30000000-0000-0000-0000-000000000005', '33333333-3333-3333-3333-333333333333', '70000000-0000-0000-0000-00000000000b', 'registered'),
('80000000-0000-0000-0000-00000000000d', '30000000-0000-0000-0000-000000000005', '33333333-3333-3333-3333-333333333333', '70000000-0000-0000-0000-000000000011', 'registered'),
-- Lucas Rodriguez (sports, technology interests)
('80000000-0000-0000-0000-00000000000e', '30000000-0000-0000-0000-000000000006', '44444444-4444-4444-4444-444444444444', '70000000-0000-0000-0000-000000000006', 'registered'),
('80000000-0000-0000-0000-00000000000f', '30000000-0000-0000-0000-000000000006', '44444444-4444-4444-4444-444444444444', '70000000-0000-0000-0000-000000000013', 'registered'),
-- Isabella Thompson (language, art interests)
('80000000-0000-0000-0000-000000000010', '30000000-0000-0000-0000-000000000007', '55555555-5555-5555-5555-555555555555', '70000000-0000-0000-0000-00000000000b', 'registered'),
('80000000-0000-0000-0000-000000000011', '30000000-0000-0000-0000-000000000007', '55555555-5555-5555-5555-555555555555', '70000000-0000-0000-0000-00000000000c', 'registered'),
-- Ethan Thompson (math, science interests)
('80000000-0000-0000-0000-000000000012', '30000000-0000-0000-0000-000000000008', '55555555-5555-5555-5555-555555555555', '70000000-0000-0000-0000-000000000001', 'registered'),
('80000000-0000-0000-0000-000000000013', '30000000-0000-0000-0000-000000000008', '55555555-5555-5555-5555-555555555555', '70000000-0000-0000-0000-000000000003', 'registered'),
-- Hana Tanaka (music, language, art interests)
('80000000-0000-0000-0000-000000000014', '30000000-0000-0000-0000-000000000009', '66666666-6666-6666-6666-666666666666', '70000000-0000-0000-0000-00000000000e', 'registered'),
('80000000-0000-0000-0000-000000000015', '30000000-0000-0000-0000-000000000009', '66666666-6666-6666-6666-666666666666', '70000000-0000-0000-0000-00000000000b', 'registered'),
('80000000-0000-0000-0000-000000000016', '30000000-0000-0000-0000-000000000009', '66666666-6666-6666-6666-666666666666', '70000000-0000-0000-0000-000000000011', 'registered'),
-- Noah Martinez (sports, science interests)
('80000000-0000-0000-0000-000000000017', '30000000-0000-0000-0000-00000000000a', '77777777-7777-7777-7777-777777777777', '70000000-0000-0000-0000-000000000007', 'registered'),
('80000000-0000-0000-0000-000000000018', '30000000-0000-0000-0000-00000000000a', '77777777-7777-7777-7777-777777777777', '70000000-0000-0000-0000-000000000005', 'registered'),
-- Liam Wilson (technology, math, science interests)
('80000000-0000-0000-0000-000000000019', '30000000-0000-0000-0000-00000000000b', '88888888-8888-8888-8888-888888888888', '70000000-0000-0000-0000-000000000002', 'registered'),
('80000000-0000-0000-0000-00000000001a', '30000000-0000-0000-0000-00000000000b', '88888888-8888-8888-8888-888888888888', '70000000-0000-0000-0000-000000000014', 'registered'),
('80000000-0000-0000-0000-00000000001b', '30000000-0000-0000-0000-00000000000b', '88888888-8888-8888-8888-888888888888', '70000000-0000-0000-0000-000000000015', 'registered'),
-- Ava Wilson (music, art interests)
('80000000-0000-0000-0000-00000000001c', '30000000-0000-0000-0000-00000000000c', '88888888-8888-8888-8888-888888888888', '70000000-0000-0000-0000-00000000000f', 'registered'),
('80000000-0000-0000-0000-00000000001d', '30000000-0000-0000-0000-00000000000c', '88888888-8888-8888-8888-888888888888', '70000000-0000-0000-0000-000000000011', 'registered'),
-- Additional registrations showing variety
('80000000-0000-0000-0000-00000000001e', '30000000-0000-0000-0000-000000000001', '11111111-1111-1111-1111-111111111111', '70000000-0000-0000-0000-000000000004', 'registered'),
('80000000-0000-0000-0000-00000000001f', '30000000-0000-0000-0000-000000000004', '33333333-3333-3333-3333-333333333333', '70000000-0000-0000-0000-000000000009', 'registered'),
('80000000-0000-0000-0000-000000000020', '30000000-0000-0000-0000-000000000006', '44444444-4444-4444-4444-444444444444', '70000000-0000-0000-0000-00000000000a', 'registered'),
('80000000-0000-0000-0000-000000000021', '30000000-0000-0000-0000-000000000003', '22222222-2222-2222-2222-222222222222', '70000000-0000-0000-0000-00000000000d', 'registered'),
-- Some cancelled registrations
('80000000-0000-0000-0000-000000000022', '30000000-0000-0000-0000-000000000002', '11111111-1111-1111-1111-111111111111', '70000000-0000-0000-0000-000000000009', 'cancelled'),
('80000000-0000-0000-0000-000000000023', '30000000-0000-0000-0000-000000000005', '33333333-3333-3333-3333-333333333333', '70000000-0000-0000-0000-00000000000c', 'cancelled'),
('80000000-0000-0000-0000-000000000024', '30000000-0000-0000-0000-00000000000a', '77777777-7777-7777-7777-777777777777', '70000000-0000-0000-0000-000000000003', 'cancelled');